ab_id,batter_id,event,g_id,inning,o,p_score,p_throws,pitcher_id,stand,top
2015000001,572761,Groundout,201500001,1,1,0,L,452657,L,TRUE
2015000002,518792,Double,201500001,1,1,0,L,452657,L,TRUE
2015000003,407812,Single,201500001,1,1,0,L,452657,R,TRUE
2015000004,425509,Strikeout,201500001,1,2,0,L,452657,R,TRUE
2015000005,571431,Strikeout,201500001,1,3,0,L,452657,L,TRUE
2015000006,451594,Double,201500001,1,0,1,R,425794,L,FALSE
2015000007,624585,Groundout,201500001,1,1,1,R,425794,R,FALSE
2015000008,519203,Strikeout,201500001,1,2,1,R,425794,L,FALSE
2015000009,516770,Groundout,201500001,1,3,1,R,425794,R,FALSE
2015000010,425877,Strikeout,201500001,2,1,0,L,452657,R,TRUE
2015000011,543939,Walk,201500001,2,1,0,L,452657,L,TRUE
2015000012,445055,Single,201500001,2,1,0,L,452657,L,TRUE
2015000013,425794,Strikeout,201500001,2,2,0,L,452657,R,TRUE
2015000014,572761,Single,201500001,2,2,0,L,452657,L,TRUE
2015000015,518792,Runner Out,201500001,2,3,0,L,452657,L,TRUE
2015000016,458085,Double,201500001,2,0,2,R,425794,L,FALSE
2015000017,592609,Strikeout,201500001,2,1,2,R,425794,R,FALSE
2015000018,424325,Flyout,201500001,2,2,2,R,425794,R,FALSE
2015000019,452657,Strikeout,201500001,2,3,2,R,425794,L,FALSE
2015000020,518792,Double,201500001,3,0,0,L,452657,L,TRUE
2015000021,407812,Groundout,201500001,3,1,0,L,452657,R,TRUE
2015000022,425509,Strikeout,201500001,3,2,0,L,452657,R,TRUE
2015000023,571431,Groundout,201500001,3,3,0,L,452657,L,TRUE
2015000024,600303,Single,201500001,3,0,2,R,425794,L,FALSE
2015000025,451594,Flyout,201500001,3,1,2,R,425794,L,FALSE
2015000026,624585,Strikeout,201500001,3,2,2,R,425794,R,FALSE
2015000027,519203,Strikeout,201500001,3,3,2,R,425794,L,FALSE
2015000028,425877,Walk,201500001,4,0,0,L,452657,R,TRUE
2015000029,543939,Forceout,201500001,4,1,0,L,452657,L,TRUE
2015000030,445055,Strikeout,201500001,4,2,0,L,452657,L,TRUE
2015000031,425794,Groundout,201500001,4,3,0,L,452657,R,TRUE
2015000032,516770,Groundout,201500001,4,1,2,R,425794,R,FALSE
2015000033,458085,Groundout,201500001,4,2,2,R,425794,L,FALSE
2015000034,592609,Groundout,201500001,4,3,2,R,425794,R,FALSE
2015000035,572761,Single,201500001,5,0,0,L,452657,L,TRUE
2015000036,518792,Single,201500001,5,0,0,L,452657,L,TRUE
2015000037,407812,Single,201500001,5,0,0,L,452657,R,TRUE
2015000038,425509,Pop Out,201500001,5,1,0,L,452657,R,TRUE
2015000039,571431,Strikeout,201500001,5,2,0,L,457435,L,TRUE
2015000040,425877,Intent Walk,201500001,5,2,0,L,457435,R,TRUE
2015000041,543939,Strikeout,201500001,5,3,0,L,457435,L,TRUE
2015000042,424325,Double,201500001,5,0,3,R,425794,R,FALSE
2015000043,471083,Lineout,201500001,5,1,3,R,425794,L,FALSE
2015000044,600303,Flyout,201500001,5,2,3,R,425794,L,FALSE
2015000045,451594,Strikeout,201500001,5,3,3,R,425794,L,FALSE
2015000046,445055,Flyout,201500001,6,1,0,R,435400,L,TRUE
2015000047,425794,Pop Out,201500001,6,2,0,R,435400,R,TRUE
2015000048,572761,Groundout,201500001,6,3,0,R,435400,L,TRUE
2015000049,624585,Lineout,201500001,6,1,3,R,425794,R,FALSE
2015000050,519203,Groundout,201500001,6,2,3,R,425794,L,FALSE
2015000051,516770,Single,201500001,6,2,3,R,425794,R,FALSE
2015000052,458085,Flyout,201500001,6,3,3,R,425794,L,FALSE
2015000053,518792,Groundout,201500001,7,1,0,R,519166,L,TRUE
2015000054,407812,Strikeout,201500001,7,2,0,R,519166,R,TRUE
2015000055,425509,Single,201500001,7,2,0,R,519166,R,TRUE
2015000056,571431,Pop Out,201500001,7,3,0,R,519166,L,TRUE
2015000057,592609,Groundout,201500001,7,1,3,R,593372,R,FALSE
2015000058,570489,Walk,201500001,7,1,3,R,593372,L,FALSE
2015000059,471083,Strikeout,201500001,7,2,3,R,593372,L,FALSE
2015000060,600303,Groundout,201500001,7,3,3,R,593372,L,FALSE
2015000061,425877,Strikeout,201500001,8,1,0,R,467008,R,TRUE
2015000062,543939,Groundout,201500001,8,2,0,R,467008,L,TRUE
2015000063,445055,Double,201500001,8,2,0,R,467008,L,TRUE
2015000064,448602,Strikeout,201500001,8,3,0,R,467008,R,TRUE
2015000065,451594,Strikeout,201500001,8,1,3,R,477229,L,FALSE
2015000066,624585,Groundout,201500001,8,2,3,R,477229,R,FALSE
2015000067,519203,Walk,201500001,8,2,3,R,477229,L,FALSE
2015000068,516770,Strikeout,201500001,8,3,3,R,477229,R,FALSE
2015000069,572761,Flyout,201500001,9,1,0,R,444468,L,TRUE
2015000070,518792,Lineout,201500001,9,2,0,R,444468,L,TRUE
2015000071,407812,Walk,201500001,9,2,0,R,444468,R,TRUE
2015000072,425509,Flyout,201500001,9,3,0,R,444468,R,TRUE
2015000073,458085,Strikeout,201500001,9,1,3,R,572096,L,FALSE
2015000074,592609,Strikeout,201500001,9,2,3,R,572096,R,FALSE
2015000075,570489,Strikeout,201500001,9,3,3,R,572096,L,FALSE
2015000076,594777,Strikeout,201500002,1,1,0,R,433587,L,TRUE
2015000077,545361,Home Run,201500002,1,1,0,R,433587,R,TRUE
2015000078,405395,Strikeout,201500002,1,2,0,R,433587,R,TRUE
2015000079,459964,Strikeout,201500002,1,3,0,R,433587,L,TRUE
2015000080,457706,Groundout,201500002,1,1,1,R,450308,R,FALSE
2015000081,452234,Double,201500002,1,1,1,R,450308,L,FALSE
2015000082,429664,Groundout,201500002,1,2,1,R,450308,L,FALSE
2015000083,443558,Pop Out,201500002,1,3,1,R,450308,R,FALSE
2015000084,501896,Strikeout,201500002,2,1,0,R,433587,R,TRUE
2015000085,430947,Groundout,201500002,2,2,0,R,433587,L,TRUE
2015000086,543068,Pop Out,201500002,2,3,0,R,433587,R,TRUE
2015000087,572122,Groundout,201500002,2,1,1,R,450308,L,FALSE
2015000088,489149,Pop Out,201500002,2,2,1,R,450308,L,FALSE
2015000089,572287,Flyout,201500002,2,3,1,R,450308,R,FALSE
2015000090,455104,Pop Out,201500002,3,1,0,R,433587,R,TRUE
2015000091,543213,Groundout,201500002,3,2,0,R,433587,R,TRUE
2015000092,594777,Lineout,201500002,3,3,0,R,433587,L,TRUE
2015000093,554429,Pop Out,201500002,3,1,1,R,450308,L,FALSE
2015000094,543543,Lineout,201500002,3,2,1,R,450308,L,FALSE
2015000095,457706,Double,201500002,3,2,1,R,450308,R,FALSE
2015000096,452234,Triple,201500002,3,2,1,R,450308,L,FALSE
2015000097,429664,Single,201500002,3,2,1,R,450308,L,FALSE
2015000098,443558,Forceout,201500002,3,3,1,R,450308,R,FALSE
2015000099,545361,Strikeout,201500002,4,1,2,R,433587,R,TRUE
2015000100,405395,Walk,201500002,4,1,2,R,433587,R,TRUE
2015000101,459964,Forceout,201500002,4,2,2,R,433587,L,TRUE
2015000102,501896,Strikeout,201500002,4,3,2,R,433587,R,TRUE
2015000103,572122,Flyout,201500002,4,1,1,R,450308,L,FALSE
2015000104,489149,Lineout,201500002,4,2,1,R,450308,L,FALSE
2015000105,572287,Strikeout,201500002,4,3,1,R,450308,R,FALSE
2015000106,430947,Single,201500002,5,0,2,R,433587,L,TRUE
2015000107,543068,Hit By Pitch,201500002,5,0,2,R,433587,R,TRUE
2015000108,455104,Strikeout,201500002,5,1,2,R,433587,R,TRUE
2015000109,543213,Grounded Into DP,201500002,5,3,2,R,433587,R,TRUE
2015000110,554429,Home Run,201500002,5,0,1,R,450308,L,FALSE
2015000111,543543,Single,201500002,5,0,1,R,450308,L,FALSE
2015000112,457706,Flyout,201500002,5,1,1,R,450308,R,FALSE
2015000113,452234,Double,201500002,5,1,1,R,450308,L,FALSE
2015000114,429664,Lineout,201500002,5,2,1,R,450308,L,FALSE
2015000115,443558,Flyout,201500002,5,3,1,R,450308,R,FALSE
2015000116,594777,Flyout,201500002,6,1,4,R,433587,L,TRUE
2015000117,545361,Strikeout,201500002,6,2,4,R,433587,R,TRUE
2015000118,405395,Groundout,201500002,6,3,4,R,433587,R,TRUE
2015000119,572122,Flyout,201500002,6,1,1,R,450308,L,FALSE
2015000120,489149,Single,201500002,6,1,1,R,450308,L,FALSE
2015000121,572287,Grounded Into DP,201500002,6,3,1,R,450308,R,FALSE
2015000122,459964,Strikeout,201500002,7,1,4,R,433587,L,TRUE
2015000123,501896,Groundout,201500002,7,2,4,R,433587,R,TRUE
2015000124,430947,Strikeout,201500002,7,3,4,R,433587,L,TRUE
2015000125,554429,Strikeout,201500002,7,1,1,L,459987,L,FALSE
2015000126,543543,Single,201500002,7,1,1,L,459987,L,FALSE
2015000127,457706,Single,201500002,7,2,1,L,459987,R,FALSE
2015000128,448605,Walk,201500002,7,2,1,L,459987,R,FALSE
2015000129,429664,Strikeout,201500002,7,3,1,L,459987,L,FALSE
2015000130,543068,Flyout,201500002,8,1,4,R,543144,R,TRUE
2015000131,455104,Single,201500002,8,1,4,R,543144,R,TRUE
2015000132,543213,Single,201500002,8,1,4,R,543144,R,TRUE
2015000133,594777,Strikeout,201500002,8,2,4,L,518703,L,TRUE
2015000134,545361,Strikeout,201500002,8,3,4,R,605476,R,TRUE
2015000135,443558,Groundout,201500002,8,1,1,R,477569,R,FALSE
2015000136,572122,Groundout,201500002,8,2,1,R,477569,L,FALSE
2015000137,489149,Flyout,201500002,8,3,1,R,477569,L,FALSE
2015000138,405395,Walk,201500002,9,0,4,R,407845,R,TRUE
2015000139,459964,Forceout,201500002,9,1,4,R,407845,L,TRUE
2015000140,501896,Grounded Into DP,201500002,9,3,4,R,407845,R,TRUE
2015000141,458913,Groundout,201500003,1,1,0,R,506693,L,TRUE
2015000142,607054,Single,201500003,1,1,0,R,506693,L,TRUE
2015000143,455976,Single,201500003,1,1,0,R,506693,L,TRUE
2015000144,518692,Groundout,201500003,1,2,0,R,506693,L,TRUE
2015000145,542194,Groundout,201500003,1,3,0,R,506693,R,TRUE
2015000146,543829,Lineout,201500003,1,1,1,R,527054,L,FALSE
2015000147,592885,Groundout,201500003,1,2,1,R,527054,L,FALSE
2015000148,519317,Strikeout,201500003,1,3,1,R,527054,R,FALSE
2015000149,430637,Lineout,201500003,2,1,0,R,506693,L,TRUE
2015000150,430948,Flyout,201500003,2,2,0,R,506693,L,TRUE
2015000151,592743,Groundout,201500003,2,3,0,R,506693,R,TRUE
2015000152,434604,Strikeout,201500003,2,1,1,R,527054,R,FALSE
2015000153,445988,Groundout,201500003,2,2,1,R,527054,R,FALSE
2015000154,542303,Groundout,201500003,2,3,1,R,527054,R,FALSE
2015000155,527054,Groundout,201500003,3,1,0,R,506693,R,TRUE
2015000156,458913,Groundout,201500003,3,2,0,R,506693,L,TRUE
2015000157,607054,Groundout,201500003,3,3,0,R,506693,L,TRUE
2015000158,457454,Strikeout,201500003,3,1,1,R,527054,L,FALSE
2015000159,588751,Groundout,201500003,3,2,1,R,527054,R,FALSE
2015000160,506693,Double,201500003,3,2,1,R,527054,R,FALSE
2015000161,543829,Single,201500003,3,2,1,R,527054,L,FALSE
2015000162,592885,Runner Out,201500003,3,3,1,R,527054,L,FALSE
2015000163,455976,Groundout,201500003,4,1,1,R,506693,L,TRUE
2015000164,518692,Single,201500003,4,1,1,R,506693,L,TRUE
2015000165,542194,Groundout,201500003,4,2,1,R,506693,R,TRUE
2015000166,430637,Groundout,201500003,4,3,1,R,506693,L,TRUE
2015000167,592885,Groundout,201500003,4,1,1,R,527054,L,FALSE
2015000168,519317,Single,201500003,4,1,1,R,527054,R,FALSE
2015000169,434604,Lineout,201500003,4,2,1,R,527054,R,FALSE
2015000170,445988,Single,201500003,4,3,1,R,527054,R,FALSE
2015000171,430948,Flyout,201500003,5,1,1,R,506693,L,TRUE
2015000172,592743,Groundout,201500003,5,2,1,R,506693,R,TRUE
2015000173,527054,Groundout,201500003,5,3,1,R,506693,R,TRUE
2015000174,542303,Single,201500003,5,0,1,R,527054,R,FALSE
2015000175,457454,Strikeout,201500003,5,1,1,R,527054,L,FALSE
2015000176,588751,Grounded Into DP,201500003,5,3,1,R,527054,R,FALSE
2015000177,458913,Double,201500003,6,0,1,R,506693,L,TRUE
2015000178,607054,Sac Bunt,201500003,6,1,1,R,506693,L,TRUE
2015000179,455976,Fielders Choice,201500003,6,1,1,R,506693,L,TRUE
2015000180,518692,Strikeout,201500003,6,2,1,R,506693,L,TRUE
2015000181,542194,Groundout,201500003,6,3,1,R,506693,R,TRUE
2015000182,506693,Pop Out,201500003,6,1,2,R,527054,R,FALSE
2015000183,543829,Flyout,201500003,6,2,2,R,527054,L,FALSE
2015000184,592885,Walk,201500003,6,2,2,R,527054,L,FALSE
2015000185,519317,Pop Out,201500003,6,3,2,R,527054,R,FALSE
2015000186,430637,Lineout,201500003,7,1,1,R,506693,L,TRUE
2015000187,430948,Single,201500003,7,1,1,R,506693,L,TRUE
2015000188,592743,Flyout,201500003,7,2,1,R,506693,R,TRUE
2015000189,527054,Single,201500003,7,2,1,R,506693,R,TRUE
2015000190,458913,Strikeout,201500003,7,3,1,R,506693,L,TRUE
2015000191,434604,Single,201500003,7,0,2,R,527054,R,FALSE
2015000192,445988,Single,201500003,7,0,2,R,527054,R,FALSE
2015000193,542303,Single,201500003,7,0,2,R,527054,R,FALSE
2015000194,457454,Grounded Into DP,201500003,7,2,2,L,501593,R,FALSE
2015000195,588751,Pop Out,201500003,7,3,2,R,462382,R,FALSE
2015000196,607054,Strikeout,201500003,8,1,1,L,445197,L,TRUE
2015000197,455976,Strikeout,201500003,8,2,1,L,445197,L,TRUE
2015000198,518692,Strikeout,201500003,8,3,1,L,445197,L,TRUE
2015000199,400085,Groundout,201500003,8,1,2,R,462382,L,FALSE
2015000200,543829,Bunt Groundout,201500003,8,2,2,R,462382,L,FALSE
2015000201,592885,Strikeout,201500003,8,3,2,R,462382,L,FALSE
2015000202,542194,Strikeout,201500003,9,1,1,R,573109,R,TRUE
2015000203,457727,Strikeout,201500003,9,2,1,R,573109,R,TRUE
2015000204,430948,Walk,201500003,9,2,1,R,573109,L,TRUE
2015000205,592743,Forceout,201500003,9,3,1,R,573109,R,TRUE
2015000206,519317,Strikeout,201500003,9,1,2,R,276351,R,FALSE
2015000207,434604,Strikeout,201500003,9,2,2,R,276351,R,FALSE
2015000208,445988,Lineout,201500003,9,3,2,R,276351,R,FALSE
2015000209,457477,Field Error,201500004,1,0,0,R,502042,L,TRUE
2015000210,592518,Walk,201500004,1,0,0,R,502042,R,TRUE
2015000211,430945,Flyout,201500004,1,1,0,R,502042,R,TRUE
2015000212,456665,Strikeout,201500004,1,2,0,R,502042,R,TRUE
2015000213,501983,Single,201500004,1,2,0,R,502042,L,TRUE
2015000214,430321,Strikeout,201500004,1,3,0,R,502042,R,TRUE
2015000215,444379,Walk,201500004,1,0,1,R,501957,L,FALSE
2015000216,519306,Strikeout,201500004,1,1,1,R,501957,R,FALSE
2015000217,452678,Flyout,201500004,1,3,1,R,501957,L,FALSE
2015000218,475247,Groundout,201500004,2,1,0,R,502042,L,TRUE
2015000219,570731,Single,201500004,2,1,0,R,502042,R,TRUE
2015000220,543376,Flyout,201500004,2,2,0,R,502042,R,TRUE
2015000221,457477,Strikeout,201500004,2,3,0,R,502042,L,TRUE
2015000222,446334,Strikeout,201500004,2,1,1,R,501957,R,FALSE
2015000223,425766,Flyout,201500004,2,2,1,R,501957,L,FALSE
2015000224,457775,Walk,201500004,2,2,1,R,501957,R,FALSE
2015000225,425784,Flyout,201500004,2,3,1,R,501957,R,FALSE
2015000226,592518,Groundout,201500004,3,1,0,R,502042,R,TRUE
2015000227,430945,Groundout,201500004,3,2,0,R,502042,R,TRUE
2015000228,456665,Groundout,201500004,3,3,0,R,502042,R,TRUE
2015000229,523253,Pop Out,201500004,3,1,1,R,501957,R,FALSE
2015000230,595281,Flyout,201500004,3,2,1,R,501957,L,FALSE
2015000231,430203,Pop Out,201500004,3,3,1,R,501957,L,FALSE
2015000232,501983,Single,201500004,4,1,0,R,502042,L,TRUE
2015000233,430321,Flyout,201500004,4,2,0,R,502042,R,TRUE
2015000234,475247,Strikeout,201500004,4,3,0,R,502042,L,TRUE
2015000235,519306,Single,201500004,4,1,1,R,501957,R,FALSE
2015000236,452678,Strikeout,201500004,4,2,1,R,501957,L,FALSE
2015000237,446334,Strikeout,201500004,4,3,1,R,501957,R,FALSE
2015000238,570731,Groundout,201500004,5,1,0,R,502042,R,TRUE
2015000239,543376,Double,201500004,5,1,0,R,502042,R,TRUE
2015000240,457477,Home Run,201500004,5,1,0,R,502042,L,TRUE
2015000241,592518,Flyout,201500004,5,2,0,R,502042,R,TRUE
2015000242,430945,Groundout,201500004,5,3,0,R,502042,R,TRUE
2015000243,425766,Walk,201500004,5,0,3,R,501957,L,FALSE
2015000244,457775,Pop Out,201500004,5,1,3,R,501957,R,FALSE
2015000245,425784,Groundout,201500004,5,2,3,R,501957,R,FALSE
2015000246,523253,Single,201500004,5,3,3,R,501957,R,FALSE
2015000247,456665,Home Run,201500004,6,0,0,R,502042,R,TRUE
2015000248,501983,Groundout,201500004,6,1,0,R,502042,L,TRUE
2015000249,430321,Strikeout,201500004,6,2,0,R,502042,R,TRUE
2015000250,475247,Strikeout,201500004,6,3,0,R,544993,L,TRUE
2015000251,595281,Lineout,201500004,6,1,4,R,501957,L,FALSE
2015000252,430203,Single,201500004,6,1,4,R,501957,L,FALSE
2015000253,519306,Grounded Into DP,201500004,6,3,4,R,501957,R,FALSE
2015000254,570731,Strikeout,201500004,7,1,0,R,544993,R,TRUE
2015000255,543376,Strikeout,201500004,7,2,0,R,544993,R,TRUE
2015000256,457477,Strikeout,201500004,7,3,0,R,544993,L,TRUE
2015000257,452678,Pop Out,201500004,7,1,4,R,501957,L,FALSE
2015000258,446334,Home Run,201500004,7,1,4,R,501957,R,FALSE
2015000259,425766,Pop Out,201500004,7,2,4,R,501957,L,FALSE
2015000260,457775,Single,201500004,7,2,4,R,503285,R,FALSE
2015000261,425784,Groundout,201500004,7,3,4,R,503285,R,FALSE
2015000262,592518,Strikeout,201500004,8,1,1,R,457117,R,TRUE
2015000263,430945,Hit By Pitch,201500004,8,1,1,R,457117,R,TRUE
2015000264,456665,Walk,201500004,8,2,1,R,457117,R,TRUE
2015000265,501983,Double,201500004,8,2,1,L,542924,L,TRUE
2015000266,430321,Flyout,201500004,8,3,1,R,346797,R,TRUE
2015000267,523253,Strikeout,201500004,8,1,5,R,542960,R,FALSE
2015000268,595281,Double,201500004,8,1,5,R,542960,L,FALSE
2015000269,430203,Single,201500004,8,1,5,R,542960,L,FALSE
2015000270,519306,Strikeout,201500004,8,2,5,R,488984,R,FALSE
2015000271,452678,Double,201500004,8,2,5,R,488984,L,FALSE
2015000272,446334,Pop Out,201500004,8,3,5,R,488984,R,FALSE
2015000273,475247,Home Run,201500004,9,0,2,R,489446,L,TRUE
2015000274,570731,Groundout,201500004,9,1,2,R,489446,R,TRUE
2015000275,543376,Pop Out,201500004,9,2,2,R,489446,R,TRUE
2015000276,457477,Strikeout,201500004,9,3,2,R,489446,L,TRUE
2015000277,446386,Strikeout,201500004,9,1,6,L,502154,R,FALSE
2015000278,457775,Groundout,201500004,9,2,6,L,502154,R,FALSE
2015000279,425784,Strikeout,201500004,9,2,6,L,502154,R,FALSE
2015000280,523253,Groundout,201500004,9,3,6,L,502154,R,FALSE
2015000281,605141,Pop Out,201500005,1,1,0,L,430935,R,TRUE
2015000282,456030,Home Run,201500005,1,1,0,L,430935,R,TRUE
2015000283,120074,Strikeout,201500005,1,2,0,L,430935,L,TRUE
2015000284,434670,Lineout,201500005,1,3,0,L,430935,R,TRUE
2015000285,519184,Flyout,201500005,1,1,1,R,453329,L,FALSE
2015000286,546318,Flyout,201500005,1,2,1,R,453329,L,FALSE
2015000287,400284,Field Error,201500005,1,2,1,R,453329,L,FALSE
2015000288,429667,Groundout,201500005,1,3,1,R,453329,L,FALSE
2015000289,467055,Groundout,201500005,2,1,0,L,430935,R,TRUE
2015000290,425664,Walk,201500005,2,1,0,L,430935,R,TRUE
2015000291,593428,Pop Out,201500005,2,2,0,L,430935,R,TRUE
2015000292,452672,Walk,201500005,2,2,0,L,430935,R,TRUE
2015000293,453329,Groundout,201500005,2,3,0,L,430935,L,TRUE
2015000294,434563,Strikeout,201500005,2,1,1,R,453329,R,FALSE
2015000295,429713,Groundout,201500005,2,2,1,R,453329,L,FALSE
2015000296,605125,Strikeout,201500005,2,3,1,R,453329,L,FALSE
2015000297,605141,Home Run,201500005,3,0,0,L,430935,R,TRUE
2015000298,456030,Groundout,201500005,3,1,0,L,430935,R,TRUE
2015000299,120074,Pop Out,201500005,3,2,0,L,430935,L,TRUE
2015000300,434670,Walk,201500005,3,2,0,L,430935,R,TRUE
2015000301,467055,Strikeout,201500005,3,3,0,L,430935,R,TRUE
2015000302,520471,Bunt Groundout,201500005,3,1,2,R,453329,L,FALSE
2015000303,430935,Strikeout,201500005,3,2,2,R,453329,L,FALSE
2015000304,519184,Lineout,201500005,3,3,2,R,453329,L,FALSE
2015000305,425664,Strikeout,201500005,4,1,0,L,430935,R,TRUE
2015000306,593428,Flyout,201500005,4,2,0,L,430935,R,TRUE
2015000307,452672,Single,201500005,4,2,0,L,430935,R,TRUE
2015000308,453329,Groundout,201500005,4,3,0,L,430935,L,TRUE
2015000309,546318,Strikeout,201500005,4,1,2,R,453329,L,FALSE
2015000310,400284,Strikeout,201500005,4,2,2,R,453329,L,FALSE
2015000311,429667,Double,201500005,4,2,2,R,453329,L,FALSE
2015000312,434563,Walk,201500005,4,2,2,R,453329,R,FALSE
2015000313,429713,Forceout,201500005,4,3,2,R,453329,L,FALSE
2015000314,605141,Strikeout,201500005,5,1,0,L,430935,R,TRUE
2015000315,456030,Home Run,201500005,5,1,0,L,430935,R,TRUE
2015000316,120074,Strikeout,201500005,5,2,0,L,430935,L,TRUE
2015000317,434670,Home Run,201500005,5,2,0,L,430935,R,TRUE
2015000318,467055,Strikeout,201500005,5,3,0,L,430935,R,TRUE
2015000319,605125,Strikeout,201500005,5,1,4,R,453329,L,FALSE
2015000320,520471,Groundout,201500005,5,2,4,R,453329,L,FALSE
2015000321,514917,Flyout,201500005,5,3,4,R,453329,L,FALSE
2015000322,425664,Walk,201500005,6,0,0,R,472610,R,TRUE
2015000323,593428,Lineout,201500005,6,1,0,R,472610,R,TRUE
2015000324,452672,Groundout,201500005,6,2,0,R,472610,R,TRUE
2015000325,453329,Groundout,201500005,6,3,0,R,472610,L,TRUE
2015000326,519184,Lineout,201500005,6,1,4,R,453329,L,FALSE
2015000327,546318,Strikeout,201500005,6,2,4,R,453329,L,FALSE
2015000328,400284,Strikeout,201500005,6,3,4,R,453329,L,FALSE
2015000329,605141,Single,201500005,7,0,0,R,491646,R,TRUE
2015000330,456030,Single,201500005,7,0,0,R,491646,R,TRUE
2015000331,120074,Strikeout,201500005,7,1,0,R,491646,L,TRUE
2015000332,434670,Grounded Into DP,201500005,7,3,0,R,491646,R,TRUE
2015000333,429667,Groundout,201500005,7,1,4,R,453329,L,FALSE
2015000334,434563,Single,201500005,7,1,4,R,453329,R,FALSE
2015000335,429713,Single,201500005,7,1,4,R,453329,L,FALSE
2015000336,605125,Forceout,201500005,7,2,4,R,453329,L,FALSE
2015000337,520471,Strikeout,201500005,7,3,4,R,453329,L,FALSE
2015000338,467055,Groundout,201500005,8,1,0,R,518603,L,TRUE
2015000339,425664,Groundout,201500005,8,2,0,R,518603,R,TRUE
2015000340,593428,Walk,201500005,8,2,0,R,518603,R,TRUE
2015000341,452672,Groundout,201500005,8,3,0,R,518603,R,TRUE
2015000342,433217,Groundout,201500005,8,1,4,R,547749,L,FALSE
2015000343,519184,Flyout,201500005,8,2,4,R,547749,L,FALSE
2015000344,546318,Lineout,201500005,8,3,4,R,547749,L,FALSE
2015000345,501800,Single,201500005,9,0,0,L,518617,R,TRUE
2015000346,605141,Walk,201500005,9,0,0,L,518617,R,TRUE
2015000347,456030,Strikeout,201500005,9,1,0,L,518617,R,TRUE
2015000348,435063,Walk,201500005,9,1,0,L,518617,R,TRUE
2015000349,434670,Home Run,201500005,9,1,0,L,518617,R,TRUE
2015000350,467055,Strikeout,201500005,9,2,0,L,462945,R,TRUE
2015000351,425664,Lineout,201500005,9,3,0,L,462945,R,TRUE
2015000352,400284,Groundout,201500005,9,1,8,L,518927,L,FALSE
2015000353,429667,Lineout,201500005,9,2,8,L,518927,L,FALSE
2015000354,434563,Walk,201500005,9,2,8,L,518927,R,FALSE
2015000355,425796,Groundout,201500005,9,3,8,L,518927,R,FALSE
2015000356,594809,Groundout,201500006,1,1,0,R,570649,L,TRUE
2015000357,466320,Single,201500006,1,1,0,R,570649,L,TRUE
2015000358,547989,Grounded Into DP,201500006,1,3,0,R,570649,R,TRUE
2015000359,444876,Flyout,201500006,1,1,0,R,502188,R,FALSE
2015000360,519058,Strikeout,201500006,1,2,0,R,502188,L,FALSE
2015000361,456715,Pop Out,201500006,1,3,0,R,502188,R,FALSE
2015000362,425560,Flyout,201500006,2,1,0,R,570649,L,TRUE
2015000363,541645,Hit By Pitch,201500006,2,1,0,R,570649,R,TRUE
2015000364,493351,Lineout,201500006,2,2,0,R,570649,R,TRUE
2015000365,543216,Double,201500006,2,2,0,R,570649,L,TRUE
2015000366,452095,Strikeout,201500006,2,3,0,R,570649,R,TRUE
2015000367,543333,Groundout,201500006,2,1,0,R,502188,L,FALSE
2015000368,434778,Walk,201500006,2,1,0,R,502188,L,FALSE
2015000369,460086,Hit By Pitch,201500006,2,1,0,R,502188,L,FALSE
2015000370,425567,Forceout,201500006,2,2,0,R,502188,R,FALSE
2015000371,521692,Double,201500006,2,2,0,R,502188,R,FALSE
2015000372,408299,Flyout,201500006,2,3,0,R,502188,R,FALSE
2015000373,608672,Flyout,201500006,3,1,1,R,570649,L,TRUE
2015000374,594809,Flyout,201500006,3,2,1,R,570649,L,TRUE
2015000375,466320,Groundout,201500006,3,3,1,R,570649,L,TRUE
2015000376,444876,Double,201500006,3,0,0,R,502188,R,FALSE
2015000377,519058,Sac Bunt,201500006,3,1,0,R,502188,L,FALSE
2015000378,456715,Single,201500006,3,1,0,R,502188,R,FALSE
2015000379,543333,Groundout,201500006,3,2,0,R,502188,L,FALSE
2015000380,434778,Walk,201500006,3,2,0,R,502188,L,FALSE
2015000381,460086,Flyout,201500006,3,3,0,R,502188,L,FALSE
2015000382,547989,Flyout,201500006,4,1,3,R,570649,R,TRUE
2015000383,425560,Strikeout,201500006,4,2,3,R,570649,L,TRUE
2015000384,541645,Groundout,201500006,4,3,3,R,570649,R,TRUE
2015000385,425567,Single,201500006,4,0,0,R,502188,R,FALSE
2015000386,521692,Double Play,201500006,4,2,0,R,502188,R,FALSE
2015000387,408299,Flyout,201500006,4,3,0,R,502188,R,FALSE
2015000388,493351,Lineout,201500006,5,1,3,R,570649,R,TRUE
2015000389,543216,Walk,201500006,5,1,3,R,570649,L,TRUE
2015000390,452095,Grounded Into DP,201500006,5,3,3,R,570649,R,TRUE
2015000391,444876,Flyout,201500006,5,1,0,R,502188,R,FALSE
2015000392,519058,Home Run,201500006,5,1,0,R,502188,L,FALSE
2015000393,456715,Hit By Pitch,201500006,5,1,0,R,502188,R,FALSE
2015000394,543333,Groundout,201500006,5,2,0,R,502188,L,FALSE
2015000395,434778,Flyout,201500006,5,3,0,R,502188,L,FALSE
2015000396,608672,Single,201500006,6,0,4,R,570649,L,TRUE
2015000397,594809,Groundout,201500006,6,2,4,R,570649,L,TRUE
2015000398,466320,Groundout,201500006,6,3,4,R,570649,L,TRUE
2015000399,460086,Groundout,201500006,6,1,0,R,502188,L,FALSE
2015000400,425567,Single,201500006,6,1,0,R,502188,R,FALSE
2015000401,521692,Flyout,201500006,6,2,0,R,502188,R,FALSE
2015000402,408299,Lineout,201500006,6,3,0,R,502188,R,FALSE
2015000403,547989,Home Run,201500006,7,0,4,R,570649,R,TRUE
2015000404,425560,Strikeout,201500006,7,1,4,R,516969,L,TRUE
2015000405,541645,Groundout,201500006,7,2,4,R,516969,R,TRUE
2015000406,493351,Flyout,201500006,7,3,4,R,516969,R,TRUE
2015000407,444876,Walk,201500006,7,0,1,R,502188,R,FALSE
2015000408,519058,Walk,201500006,7,0,1,L,543359,L,FALSE
2015000409,456715,Groundout,201500006,7,1,1,L,543359,R,FALSE
2015000410,543333,Strikeout,201500006,7,2,1,L,543359,L,FALSE
2015000411,434778,Intent Walk,201500006,7,2,1,L,543359,R,FALSE
2015000412,460086,Single,201500006,7,2,1,L,543359,L,FALSE
2015000413,425567,Home Run,201500006,7,2,1,R,475138,R,FALSE
2015000414,521692,Single,201500006,7,2,1,R,475138,R,FALSE
2015000415,408299,Flyout,201500006,7,3,1,R,475138,R,FALSE
2015000416,543216,Groundout,201500006,8,1,9,R,451584,L,TRUE
2015000417,543776,Groundout,201500006,8,2,9,R,451584,L,TRUE
2015000418,608672,Groundout,201500006,8,3,9,R,451584,L,TRUE
2015000419,444876,Single,201500006,8,0,1,R,475138,R,FALSE
2015000420,519058,Single,201500006,8,0,1,R,475138,L,FALSE
2015000421,456715,Grounded Into DP,201500006,8,2,1,R,475138,R,FALSE
2015000422,543333,Single,201500006,8,2,1,R,475138,L,FALSE
2015000423,434778,Double,201500006,8,2,1,R,475138,L,FALSE
2015000424,460086,Strikeout,201500006,8,3,1,R,475138,L,FALSE
2015000425,594809,Single,201500006,9,0,10,R,425492,L,TRUE
2015000426,466320,Grounded Into DP,201500006,9,2,10,R,425492,L,TRUE
2015000427,547989,Walk,201500006,9,2,10,R,425492,R,TRUE
2015000428,425560,Pop Out,201500006,9,3,10,R,425492,L,TRUE
2015000429,456422,Groundout,201500007,1,1,0,L,572971,L,TRUE
2015000430,543401,Flyout,201500007,1,2,0,L,572971,L,TRUE
2015000431,488726,Groundout,201500007,1,3,0,L,572971,L,TRUE
2015000432,514888,Groundout,201500007,1,1,0,R,446372,R,FALSE
2015000433,543807,Flyout,201500007,1,2,0,R,446372,R,FALSE
2015000434,472528,Groundout,201500007,1,3,0,R,446372,L,FALSE
2015000435,467793,Strikeout,201500007,2,1,0,L,572971,R,TRUE
2015000436,543228,Strikeout,201500007,2,2,0,L,572971,R,TRUE
2015000437,461235,Strikeout,201500007,2,3,0,L,572971,L,TRUE
2015000438,594828,Flyout,201500007,2,1,0,R,446372,R,FALSE
2015000439,474892,Flyout,201500007,2,2,0,R,446372,R,FALSE
2015000440,488771,Strikeout,201500007,2,3,0,R,446372,L,FALSE
2015000441,430605,Groundout,201500007,3,1,0,L,572971,R,TRUE
2015000442,502082,Single,201500007,3,1,0,L,572971,L,TRUE
2015000443,608070,Groundout,201500007,3,2,0,L,572971,R,TRUE
2015000444,456422,Groundout,201500007,3,3,0,L,572971,L,TRUE
2015000445,476704,Groundout,201500007,3,1,0,R,446372,L,FALSE
2015000446,458675,Walk,201500007,3,1,0,R,446372,L,FALSE
2015000447,545350,Groundout,201500007,3,2,0,R,446372,R,FALSE
2015000448,514888,Strikeout,201500007,3,3,0,R,446372,R,FALSE
2015000449,543401,Groundout,201500007,4,1,0,L,572971,L,TRUE
2015000450,488726,Groundout,201500007,4,2,0,L,572971,L,TRUE
2015000451,467793,Walk,201500007,4,2,0,L,572971,R,TRUE
2015000452,543228,Lineout,201500007,4,3,0,L,572971,R,TRUE
2015000453,543807,Strikeout,201500007,4,1,0,R,446372,R,FALSE
2015000454,472528,Strikeout,201500007,4,2,0,R,446372,L,FALSE
2015000455,594828,Lineout,201500007,4,3,0,R,446372,R,FALSE
2015000456,461235,Walk,201500007,5,0,0,L,572971,L,TRUE
2015000457,430605,Grounded Into DP,201500007,5,2,0,L,572971,R,TRUE
2015000458,502082,Walk,201500007,5,2,0,L,572971,L,TRUE
2015000459,608070,Groundout,201500007,5,3,0,L,572971,R,TRUE
2015000460,474892,Flyout,201500007,5,1,0,R,446372,R,FALSE
2015000461,488771,Strikeout,201500007,5,2,0,R,446372,L,FALSE
2015000462,476704,Groundout,201500007,5,3,0,R,446372,L,FALSE
2015000463,456422,Groundout,201500007,6,1,0,L,572971,L,TRUE
2015000464,543401,Groundout,201500007,6,2,0,L,572971,L,TRUE
2015000465,488726,Lineout,201500007,6,3,0,L,572971,L,TRUE
2015000466,458675,Strikeout,201500007,6,1,0,R,446372,L,FALSE
2015000467,545350,Strikeout,201500007,6,2,0,R,446372,R,FALSE
2015000468,514888,Single,201500007,6,2,0,R,446372,R,FALSE
2015000469,543807,Single,201500007,6,3,0,R,446372,R,FALSE
2015000470,467793,Single,201500007,7,0,1,L,572971,R,TRUE
2015000471,543228,Single,201500007,7,0,1,L,572971,R,TRUE
2015000472,461235,Strikeout,201500007,7,1,1,L,572971,L,TRUE
2015000473,430605,Groundout,201500007,7,2,1,L,572971,R,TRUE
2015000474,502082,Groundout,201500007,7,3,1,L,572971,L,TRUE
2015000475,472528,Flyout,201500007,7,1,0,R,446372,L,FALSE
2015000476,594828,Groundout,201500007,7,2,0,R,446372,R,FALSE
2015000477,474892,Lineout,201500007,7,3,0,R,446372,R,FALSE
2015000478,608070,Strikeout,201500007,8,1,1,L,448609,R,TRUE
2015000479,456422,Strikeout,201500007,8,2,1,L,448609,L,TRUE
2015000480,543401,Lineout,201500007,8,3,1,L,448609,L,TRUE
2015000481,488771,Lineout,201500007,8,1,0,R,446372,L,FALSE
2015000482,476704,Walk,201500007,8,1,0,R,446372,L,FALSE
2015000483,458675,Single,201500007,8,1,0,R,446372,L,FALSE
2015000484,545350,Sac Fly,201500007,8,2,0,R,425786,R,FALSE
2015000485,514888,Forceout,201500007,8,3,0,R,425786,R,FALSE
2015000486,488726,Groundout,201500007,9,1,2,R,502381,L,TRUE
2015000487,467793,Groundout,201500007,9,2,2,R,502381,L,TRUE
2015000488,543228,Strikeout,201500007,9,3,2,R,502381,R,TRUE
2015000489,453568,Flyout,201500008,1,1,0,R,346798,L,TRUE
2015000490,471865,Double,201500008,1,1,0,R,346798,L,TRUE
2015000491,453064,Double,201500008,1,1,0,R,346798,R,TRUE
2015000492,408047,Pop Out,201500008,1,2,0,R,346798,L,TRUE
2015000493,571448,Double,201500008,1,2,0,R,346798,R,TRUE
2015000494,572816,Home Run,201500008,1,2,0,R,346798,L,TRUE
2015000495,460026,Lineout,201500008,1,3,0,R,346798,R,TRUE
2015000496,460576,Strikeout,201500008,1,1,4,R,452718,R,FALSE
2015000497,518960,Groundout,201500008,1,2,4,R,452718,R,FALSE
2015000498,460075,Strikeout,201500008,1,3,4,R,452718,R,FALSE
2015000499,518934,Single,201500008,2,0,0,R,346798,R,TRUE
2015000500,452718,Sac Bunt,201500008,2,1,0,R,346798,R,TRUE
2015000501,453568,Field Error,201500008,2,1,0,R,346798,L,TRUE
2015000502,471865,Double Play,201500008,2,3,0,R,346798,L,TRUE
2015000503,133380,Single,201500008,2,0,4,R,452718,R,FALSE
2015000504,452252,Single,201500008,2,0,4,R,452718,L,FALSE
2015000505,501981,Strikeout,201500008,2,1,4,R,452718,R,FALSE
2015000506,571697,Hit By Pitch,201500008,2,1,4,R,452718,L,FALSE
2015000507,516416,Grounded Into DP,201500008,2,3,4,R,452718,R,FALSE
2015000508,453064,Double,201500008,3,0,0,R,346798,R,TRUE
2015000509,408047,Lineout,201500008,3,1,0,R,346798,L,TRUE
2015000510,571448,Home Run,201500008,3,1,0,R,346798,R,TRUE
2015000511,572816,Lineout,201500008,3,2,0,R,346798,L,TRUE
2015000512,460026,Single,201500008,3,2,0,R,346798,R,TRUE
2015000513,518934,Forceout,201500008,3,3,0,R,346798,R,TRUE
2015000514,346798,Single,201500008,3,0,6,R,452718,R,FALSE
2015000515,460576,Strikeout,201500008,3,1,6,R,452718,R,FALSE
2015000516,518960,Grounded Into DP,201500008,3,3,6,R,452718,R,FALSE
2015000517,452718,Double,201500008,4,0,0,R,346798,R,TRUE
2015000518,453568,Strikeout,201500008,4,1,0,R,346798,L,TRUE
2015000519,471865,Single,201500008,4,1,0,R,346798,L,TRUE
2015000520,453064,Single,201500008,4,1,0,R,518468,R,TRUE
2015000521,408047,Lineout,201500008,4,2,0,R,518468,L,TRUE
2015000522,571448,Single,201500008,4,2,0,R,518468,R,TRUE
2015000523,572816,Double,201500008,4,2,0,R,518468,L,TRUE
2015000524,460026,Groundout,201500008,4,3,0,R,518468,R,TRUE
2015000525,460075,Pop Out,201500008,4,1,10,R,452718,R,FALSE
2015000526,133380,Single,201500008,4,1,10,R,452718,R,FALSE
2015000527,452252,Lineout,201500008,4,2,10,R,452718,L,FALSE
2015000528,501981,Single,201500008,4,2,10,R,452718,R,FALSE
2015000529,571697,Strikeout,201500008,4,3,10,R,452718,L,FALSE
2015000530,518934,Single,201500008,5,0,0,R,518468,R,TRUE
2015000531,452718,Forceout,201500008,5,1,0,R,518468,R,TRUE
2015000532,453568,Single,201500008,5,1,0,R,518468,L,TRUE
2015000533,471865,Groundout,201500008,5,2,0,R,518468,L,TRUE
2015000534,453064,Lineout,201500008,5,3,0,R,518468,R,TRUE
2015000535,516416,Strikeout,201500008,5,1,10,R,452718,R,FALSE
2015000536,502582,Pop Out,201500008,5,2,10,R,452718,L,FALSE
2015000537,460576,Lineout,201500008,5,3,10,R,452718,R,FALSE
2015000538,408047,Groundout,201500008,6,1,0,L,425840,L,TRUE
2015000539,571448,Groundout,201500008,6,2,0,L,425840,R,TRUE
2015000540,572816,Groundout,201500008,6,3,0,L,425840,L,TRUE
2015000541,518960,Lineout,201500008,6,1,10,R,452718,R,FALSE
2015000542,467827,Lineout,201500008,6,2,10,R,452718,L,FALSE
2015000543,133380,Groundout,201500008,6,3,10,R,452718,R,FALSE
2015000544,460026,Strikeout,201500008,7,1,0,L,425840,R,TRUE
2015000545,518934,Strikeout,201500008,7,2,0,L,425840,R,TRUE
2015000546,452718,Single,201500008,7,2,0,L,425840,R,TRUE
2015000547,453568,Strikeout,201500008,7,3,0,L,425840,L,TRUE
2015000548,452252,Single,201500008,7,0,10,R,452718,L,FALSE
2015000549,501981,Forceout,201500008,7,1,10,R,452718,R,FALSE
2015000550,571697,Flyout,201500008,7,2,10,R,452718,L,FALSE
2015000551,516416,Single,201500008,7,2,10,R,452718,R,FALSE
2015000552,499864,Pop Out,201500008,7,3,10,R,452718,R,FALSE
2015000553,453211,Strikeout,201500008,8,1,0,L,519293,R,TRUE
2015000554,453064,Strikeout,201500008,8,2,0,L,519293,R,TRUE
2015000555,408047,Lineout,201500008,8,3,0,L,519293,L,TRUE
2015000556,460576,Pop Out,201500008,8,1,10,R,429783,R,FALSE
2015000557,518960,Strikeout,201500008,8,2,10,R,429783,R,FALSE
2015000558,467827,Strikeout,201500008,8,3,10,R,429783,L,FALSE
2015000559,571448,Walk,201500008,9,0,0,R,502026,R,TRUE
2015000560,572816,Forceout,201500008,9,1,0,R,502026,L,TRUE
2015000561,460026,Field Error,201500008,9,1,0,R,502026,R,TRUE
2015000562,518934,Grounded Into DP,201500008,9,3,0,R,502026,R,TRUE
2015000563,455117,Groundout,201500008,9,1,10,L,543184,R,FALSE
2015000564,452252,Single,201500008,9,1,10,L,543184,L,FALSE
2015000565,501981,Lineout,201500008,9,2,10,L,543184,R,FALSE
2015000566,571697,Strikeout,201500008,9,3,10,L,543184,L,FALSE
2015000567,542454,Lineout,201500009,1,1,0,L,456034,R,TRUE
2015000568,572821,Pop Out,201500009,1,2,0,L,456034,R,TRUE
2015000569,408045,Groundout,201500009,1,3,0,L,456034,L,TRUE
2015000570,434658,Groundout,201500009,1,1,0,R,461833,R,FALSE
2015000571,435079,Single,201500009,1,1,0,R,461833,R,FALSE
2015000572,408234,Flyout,201500009,1,2,0,R,461833,R,FALSE
2015000573,400121,Lineout,201500009,1,3,0,R,461833,L,FALSE
2015000574,116338,Strikeout,201500009,2,1,0,L,456034,R,TRUE
2015000575,573627,Groundout,201500009,2,2,0,L,456034,R,TRUE
2015000576,461858,Lineout,201500009,2,3,0,L,456034,R,TRUE
2015000577,502110,Home Run,201500009,2,0,0,R,461833,R,FALSE
2015000578,493316,Double,201500009,2,0,0,R,461833,R,FALSE
2015000579,592206,Strikeout,201500009,2,1,0,R,461833,R,FALSE
2015000580,488671,Home Run,201500009,2,1,0,R,461833,L,FALSE
2015000581,578428,Single,201500009,2,1,0,R,461833,R,FALSE
2015000582,434658,Fielders Choice Out,201500009,2,2,0,R,461833,R,FALSE
2015000583,435079,Strikeout,201500009,2,3,0,R,461833,R,FALSE
2015000584,542455,Groundout,201500009,3,1,3,L,456034,L,TRUE
2015000585,435559,Flyout,201500009,3,2,3,L,456034,R,TRUE
2015000586,457788,Flyout,201500009,3,3,3,L,456034,L,TRUE
2015000587,408234,Pop Out,201500009,3,1,0,R,461833,R,FALSE
2015000588,400121,Lineout,201500009,3,2,0,R,461833,L,FALSE
2015000589,502110,Strikeout,201500009,3,3,0,R,461833,R,FALSE
2015000590,542454,Lineout,201500009,4,1,3,L,456034,R,TRUE
2015000591,572821,Pop Out,201500009,4,2,3,L,456034,R,TRUE
2015000592,408045,Strikeout,201500009,4,3,3,L,456034,L,TRUE
2015000593,493316,Flyout,201500009,4,1,0,R,461833,R,FALSE
2015000594,592206,Walk,201500009,4,1,0,R,461833,R,FALSE
2015000595,488671,Single,201500009,4,1,0,R,461833,L,FALSE
2015000596,578428,Forceout,201500009,4,2,0,R,461833,R,FALSE
2015000597,434658,Strikeout,201500009,4,3,0,R,461833,R,FALSE
2015000598,116338,Flyout,201500009,5,1,3,L,456034,R,TRUE
2015000599,573627,Single,201500009,5,1,3,L,456034,R,TRUE
2015000600,461858,Flyout,201500009,5,2,3,L,456034,R,TRUE
2015000601,542455,Strikeout,201500009,5,3,3,L,456034,L,TRUE
2015000602,435079,Single,201500009,5,0,0,R,461833,R,FALSE
2015000603,408234,Grounded Into DP,201500009,5,2,0,R,461833,R,FALSE
2015000604,400121,Strikeout,201500009,5,3,0,R,461833,L,FALSE
2015000605,435559,Single,201500009,6,0,3,L,456034,R,TRUE
2015000606,457788,Single,201500009,6,0,3,L,456034,L,TRUE
2015000607,542454,Strikeout,201500009,6,1,3,L,456034,R,TRUE
2015000608,572821,Grounded Into DP,201500009,6,3,3,L,456034,R,TRUE
2015000609,502110,Flyout,201500009,6,1,0,R,461833,R,FALSE
2015000610,493316,Triple,201500009,6,1,0,R,461833,R,FALSE
2015000611,592206,Sac Fly,201500009,6,2,0,R,461833,R,FALSE
2015000612,488671,Strikeout,201500009,6,3,0,R,461833,L,FALSE
2015000613,408045,Groundout,201500009,7,1,4,L,456034,L,TRUE
2015000614,116338,Groundout,201500009,7,2,4,L,456034,R,TRUE
2015000615,573627,Groundout,201500009,7,3,4,L,456034,R,TRUE
2015000616,578428,Single,201500009,7,0,0,R,543242,R,FALSE
2015000617,434658,Walk,201500009,7,0,0,R,543242,R,FALSE
2015000618,435079,Grounded Into DP,201500009,7,2,0,R,543242,R,FALSE
2015000619,408234,Pop Out,201500009,7,3,0,R,543242,R,FALSE
2015000620,461858,Flyout,201500009,8,1,4,L,456034,R,TRUE
2015000621,542455,Strikeout,201500009,8,2,4,L,456034,L,TRUE
2015000622,435559,Flyout,201500009,8,3,4,L,456034,R,TRUE
2015000623,400121,Single,201500009,8,0,0,R,543242,L,FALSE
2015000624,502110,Flyout,201500009,8,1,0,R,543242,R,FALSE
2015000625,493316,Flyout,201500009,8,2,0,R,543242,R,FALSE
2015000626,592206,Lineout,201500009,8,3,0,R,543242,R,FALSE
2015000627,500871,Groundout,201500009,9,1,4,L,456034,R,TRUE
2015000628,542454,Flyout,201500009,9,2,4,L,456034,R,TRUE
2015000629,572821,Single,201500009,9,2,4,L,456034,R,TRUE
2015000630,408045,Single,201500009,9,2,4,L,456034,L,TRUE
2015000631,116338,Strikeout,201500009,9,3,4,R,150274,R,TRUE
2015000632,434158,Walk,201500010,1,0,0,R,453286,L,TRUE
2015000633,431151,Pop Out,201500010,1,1,0,R,453286,R,TRUE
2015000634,446263,Strikeout,201500010,1,2,0,R,453286,L,TRUE
2015000635,150212,Groundout,201500010,1,3,0,R,453286,R,TRUE
2015000636,572191,Single,201500010,1,0,0,R,112526,R,FALSE
2015000637,488862,Field Error,201500010,1,0,0,R,112526,R,FALSE
2015000638,547180,Strikeout,201500010,1,1,0,R,112526,L,FALSE
2015000639,475582,Strikeout,201500010,1,2,0,R,112526,R,FALSE
2015000640,467092,Groundout,201500010,1,3,0,R,112526,R,FALSE
2015000641,502517,Flyout,201500010,2,1,0,R,453286,L,TRUE
2015000642,501571,Strikeout,201500010,2,2,0,R,453286,R,TRUE
2015000643,518595,Groundout,201500010,2,3,0,R,453286,R,TRUE
2015000644,435622,Groundout,201500010,2,1,0,R,112526,R,FALSE
2015000645,462564,Pop Out,201500010,2,2,0,R,112526,R,FALSE
2015000646,489138,Flyout,201500010,2,3,0,R,112526,R,FALSE
2015000647,527038,Strikeout,201500010,3,1,0,R,453286,R,TRUE
2015000648,112526,Lineout,201500010,3,2,0,R,453286,R,TRUE
2015000649,434158,Groundout,201500010,3,3,0,R,453286,L,TRUE
2015000650,453286,Strikeout,201500010,3,1,0,R,112526,R,FALSE
2015000651,572191,Flyout,201500010,3,2,0,R,112526,R,FALSE
2015000652,488862,Groundout,201500010,3,3,0,R,112526,R,FALSE
2015000653,431151,Groundout,201500010,4,1,0,R,453286,R,TRUE
2015000654,446263,Pop Out,201500010,4,2,0,R,453286,L,TRUE
2015000655,150212,Groundout,201500010,4,3,0,R,453286,R,TRUE
2015000656,547180,Home Run,201500010,4,0,0,R,112526,L,FALSE
2015000657,475582,Strikeout,201500010,4,1,0,R,112526,R,FALSE
2015000658,467092,Groundout,201500010,4,2,0,R,112526,R,FALSE
2015000659,435622,Groundout,201500010,4,3,0,R,112526,R,FALSE
2015000660,502517,Flyout,201500010,5,1,1,R,453286,L,TRUE
2015000661,501571,Strikeout,201500010,5,2,1,R,453286,R,TRUE
2015000662,518595,Strikeout,201500010,5,3,1,R,453286,R,TRUE
2015000663,462564,Strikeout,201500010,5,1,0,R,112526,R,FALSE
2015000664,489138,Strikeout,201500010,5,2,0,R,112526,R,FALSE
2015000665,453286,Strikeout,201500010,5,3,0,R,112526,R,FALSE
2015000666,527038,Flyout,201500010,6,1,1,R,453286,R,TRUE
2015000667,112526,Strikeout,201500010,6,2,1,R,453286,R,TRUE
2015000668,434158,Walk,201500010,6,2,1,R,453286,L,TRUE
2015000669,431151,Field Error,201500010,6,2,1,R,453286,R,TRUE
2015000670,446263,Single,201500010,6,2,1,R,453286,L,TRUE
2015000671,150212,Strikeout,201500010,6,3,1,R,453286,R,TRUE
2015000672,572191,Groundout,201500010,6,1,2,R,112526,R,FALSE
2015000673,488862,Lineout,201500010,6,2,2,R,112526,R,FALSE
2015000674,547180,Single,201500010,6,2,2,R,112526,L,FALSE
2015000675,475582,Walk,201500010,6,2,2,R,112526,R,FALSE
2015000676,467092,Strikeout,201500010,6,3,2,R,112526,R,FALSE
2015000677,502517,Flyout,201500010,7,1,1,R,453286,L,TRUE
2015000678,501571,Field Error,201500010,7,1,1,R,453286,R,TRUE
2015000679,518595,Triple,201500010,7,1,1,R,453286,R,TRUE
2015000680,527038,Pop Out,201500010,7,2,1,R,453286,R,TRUE
2015000681,543590,Strikeout,201500010,7,3,1,R,453286,L,TRUE
2015000682,435622,Groundout,201500010,7,1,3,R,448614,R,FALSE
2015000683,462564,Groundout,201500010,7,2,3,R,448614,R,FALSE
2015000684,489138,Groundout,201500010,7,3,3,R,448614,R,FALSE
2015000685,434158,Flyout,201500010,8,1,1,R,453286,L,TRUE
2015000686,431151,Flyout,201500010,8,2,1,R,453286,R,TRUE
2015000687,446263,Single,201500010,8,2,1,R,453286,L,TRUE
2015000688,150212,Single,201500010,8,2,1,R,453286,R,TRUE
2015000689,502517,Groundout,201500010,8,3,1,L,458584,L,TRUE
2015000690,544925,Strikeout,201500010,8,1,3,R,544727,L,FALSE
2015000691,572191,Strikeout,201500010,8,2,3,R,544727,R,FALSE
2015000692,488862,Groundout,201500010,8,3,3,R,544727,R,FALSE
2015000693,501571,Groundout,201500010,9,1,1,R,502578,R,TRUE
2015000694,518595,Single,201500010,9,1,1,R,502578,R,TRUE
2015000695,527038,Strikeout,201500010,9,2,1,R,502578,R,TRUE
2015000696,460055,Walk,201500010,9,2,1,R,502578,R,TRUE
2015000697,434158,Groundout,201500010,9,3,1,L,407819,L,TRUE
2015000698,547180,Lineout,201500010,9,1,3,L,460283,L,FALSE
2015000699,475582,Groundout,201500010,9,2,3,R,234194,R,FALSE
2015000700,467092,Groundout,201500010,9,3,3,R,234194,R,FALSE
2015000701,543281,Lineout,201500011,1,1,0,R,456501,R,TRUE
2015000702,570256,Single,201500011,1,1,0,R,456501,L,TRUE
2015000703,457705,Groundout,201500011,1,2,0,R,456501,R,TRUE
2015000704,435522,Strikeout,201500011,1,3,0,R,456501,L,TRUE
2015000705,571740,Bunt Groundout,201500011,1,1,0,L,434538,R,FALSE
2015000706,458015,Groundout,201500011,1,2,0,L,434538,L,FALSE
2015000707,453943,Groundout,201500011,1,3,0,L,434538,R,FALSE
2015000708,516782,Strikeout,201500011,2,1,0,R,456501,R,TRUE
2015000709,476883,Groundout,201500011,2,2,0,R,456501,L,TRUE
2015000710,465041,Groundout,201500011,2,3,0,R,456501,R,TRUE
2015000711,519023,Walk,201500011,2,0,0,L,434538,R,FALSE
2015000712,407781,Strikeout,201500011,2,1,0,L,434538,R,FALSE
2015000713,457803,Walk,201500011,2,1,0,L,434538,L,FALSE
2015000714,408252,Flyout,201500011,2,2,0,L,434538,R,FALSE
2015000715,446359,Strikeout,201500011,2,3,0,L,434538,R,FALSE
2015000716,474568,Strikeout,201500011,3,1,0,R,456501,R,TRUE
2015000717,434538,Strikeout,201500011,3,2,0,R,456501,L,TRUE
2015000718,543281,Double,201500011,3,2,0,R,456501,R,TRUE
2015000719,570256,Strikeout,201500011,3,3,0,R,456501,L,TRUE
2015000720,456501,Walk,201500011,3,0,0,L,434538,R,FALSE
2015000721,571740,Forceout,201500011,3,1,0,L,434538,R,FALSE
2015000722,458015,Single,201500011,3,1,0,L,434538,L,FALSE
2015000723,453943,Strikeout,201500011,3,2,0,L,434538,R,FALSE
2015000724,519023,Pop Out,201500011,3,3,0,L,434538,R,FALSE
2015000725,457705,Flyout,201500011,4,1,1,R,456501,R,TRUE
2015000726,435522,Strikeout,201500011,4,2,1,R,456501,L,TRUE
2015000727,516782,Lineout,201500011,4,3,1,R,456501,R,TRUE
2015000728,407781,Strikeout,201500011,4,1,0,L,434538,R,FALSE
2015000729,457803,Home Run,201500011,4,1,0,L,434538,L,FALSE
2015000730,408252,Lineout,201500011,4,2,0,L,434538,R,FALSE
2015000731,446359,Flyout,201500011,4,3,0,L,434538,R,FALSE
2015000732,476883,Groundout,201500011,5,1,2,R,456501,L,TRUE
2015000733,465041,Walk,201500011,5,1,2,R,456501,R,TRUE
2015000734,474568,Lineout,201500011,5,2,2,R,456501,R,TRUE
2015000735,434538,Groundout,201500011,5,3,2,R,456501,L,TRUE
2015000736,456501,Strikeout,201500011,5,1,0,L,434538,R,FALSE
2015000737,571740,Lineout,201500011,5,2,0,L,434538,R,FALSE
2015000738,458015,Groundout,201500011,5,3,0,L,434538,L,FALSE
2015000739,543281,Strikeout,201500011,6,1,2,R,456501,R,TRUE
2015000740,570256,Strikeout,201500011,6,2,2,R,456501,L,TRUE
2015000741,457705,Single,201500011,6,2,2,R,456501,R,TRUE
2015000742,435522,Pop Out,201500011,6,3,2,R,456501,L,TRUE
2015000743,453943,Groundout,201500011,6,1,0,L,434538,R,FALSE
2015000744,519023,Strikeout,201500011,6,2,0,L,434538,R,FALSE
2015000745,407781,Strikeout,201500011,6,3,0,L,434538,R,FALSE
2015000746,516782,Strikeout,201500011,7,1,2,R,456501,R,TRUE
2015000747,476883,Strikeout,201500011,7,2,2,R,456501,L,TRUE
2015000748,465041,Single,201500011,7,2,2,R,456501,R,TRUE
2015000749,474568,Groundout,201500011,7,3,2,R,456501,R,TRUE
2015000750,457803,Groundout,201500011,7,1,0,L,434538,L,FALSE
2015000751,408252,Pop Out,201500011,7,2,0,L,434538,R,FALSE
2015000752,446359,Groundout,201500011,7,3,0,L,434538,R,FALSE
2015000753,518911,Flyout,201500011,8,1,2,R,276514,L,TRUE
2015000754,543281,Single,201500011,8,1,2,R,276514,R,TRUE
2015000755,570256,Lineout,201500011,8,2,2,R,276514,L,TRUE
2015000756,457705,Home Run,201500011,8,2,2,R,276514,R,TRUE
2015000757,435522,Single,201500011,8,2,2,L,448159,R,TRUE
2015000758,516782,Strikeout,201500011,8,3,2,R,471822,R,TRUE
2015000759,458689,Strikeout,201500011,8,1,2,L,453265,R,FALSE
2015000760,571740,Single,201500011,8,1,2,L,453265,R,FALSE
2015000761,458015,Single,201500011,8,1,2,L,453265,L,FALSE
2015000762,453943,Home Run,201500011,8,1,2,L,453265,R,FALSE
2015000763,519023,Groundout,201500011,8,2,2,L,453265,R,FALSE
2015000764,407781,Groundout,201500011,8,3,2,L,453265,R,FALSE
2015000765,446481,Strikeout,201500011,9,1,5,L,547973,R,TRUE
2015000766,465041,Strikeout,201500011,9,2,5,L,547973,R,TRUE
2015000767,474568,Flyout,201500011,9,3,5,L,547973,R,TRUE
2015000768,571976,Hit By Pitch,201500012,1,0,0,L,477132,R,TRUE
2015000769,519083,Strikeout,201500012,1,1,0,L,477132,R,TRUE
2015000770,461314,Single,201500012,1,1,0,L,477132,R,TRUE
2015000771,457708,Strikeout,201500012,1,2,0,L,477132,R,TRUE
2015000772,519025,Forceout,201500012,1,3,0,L,477132,R,TRUE
2015000773,276519,Single,201500012,1,0,1,R,448306,L,FALSE
2015000774,624577,Strikeout,201500012,1,1,1,R,448306,R,FALSE
2015000775,408236,Lineout,201500012,1,2,1,R,448306,L,FALSE
2015000776,435062,Groundout,201500012,1,3,1,R,448306,R,FALSE
2015000777,576397,Groundout,201500012,2,1,0,L,477132,R,TRUE
2015000778,475174,Lineout,201500012,2,2,0,L,477132,L,TRUE
2015000779,425549,Strikeout,201500012,2,3,0,L,477132,R,TRUE
2015000780,408307,Pop Out,201500012,2,1,1,R,448306,L,FALSE
2015000781,346874,Groundout,201500012,2,2,1,R,448306,R,FALSE
2015000782,592626,Strikeout,201500012,2,3,1,R,448306,L,FALSE
2015000783,448306,Strikeout,201500012,3,1,0,L,477132,R,TRUE
2015000784,571976,Flyout,201500012,3,2,0,L,477132,R,TRUE
2015000785,519083,Double,201500012,3,2,0,L,477132,R,TRUE
2015000786,461314,Groundout,201500012,3,3,0,L,477132,R,TRUE
2015000787,454560,Strikeout,201500012,3,1,1,R,448306,R,FALSE
2015000788,477132,Groundout,201500012,3,2,1,R,448306,L,FALSE
2015000789,276519,Walk,201500012,3,2,1,R,448306,L,FALSE
2015000790,624577,Groundout,201500012,3,3,1,R,448306,R,FALSE
2015000791,457708,Strikeout,201500012,4,1,0,L,477132,R,TRUE
2015000792,519025,Lineout,201500012,4,2,0,L,477132,R,TRUE
2015000793,576397,Double,201500012,4,2,0,L,477132,R,TRUE
2015000794,475174,Strikeout,201500012,4,3,0,L,477132,L,TRUE
2015000795,408236,Home Run,201500012,4,0,1,R,448306,L,FALSE
2015000796,435062,Triple,201500012,4,0,1,R,448306,R,FALSE
2015000797,408307,Double,201500012,4,0,1,R,448306,L,FALSE
2015000798,346874,Groundout,201500012,4,1,1,R,448306,R,FALSE
2015000799,592626,Pop Out,201500012,4,2,1,R,448306,L,FALSE
2015000800,454560,Intent Walk,201500012,4,2,1,R,448306,R,FALSE
2015000801,477132,Strikeout,201500012,4,3,1,R,448306,L,FALSE
2015000802,425549,Double,201500012,5,0,2,L,477132,R,TRUE
2015000803,448306,Strikeout,201500012,5,1,2,L,477132,R,TRUE
2015000804,571976,Strikeout,201500012,5,2,2,L,477132,R,TRUE
2015000805,519083,Single,201500012,5,2,2,L,477132,R,TRUE
2015000806,461314,Double,201500012,5,2,2,L,477132,R,TRUE
2015000807,457708,Groundout,201500012,5,3,2,L,477132,R,TRUE
2015000808,276519,Strikeout,201500012,5,1,3,R,448306,L,FALSE
2015000809,624577,Hit By Pitch,201500012,5,1,3,R,448306,R,FALSE
2015000810,408236,Single,201500012,5,1,3,R,448306,L,FALSE
2015000811,435062,Forceout,201500012,5,2,3,R,448306,R,FALSE
2015000812,408307,Strikeout,201500012,5,3,3,R,448306,L,FALSE
2015000813,519025,Flyout,201500012,6,1,2,L,477132,R,TRUE
2015000814,576397,Walk,201500012,6,1,2,L,477132,R,TRUE
2015000815,475174,Walk,201500012,6,2,2,L,477132,L,TRUE
2015000816,425549,Strikeout,201500012,6,3,2,L,477132,R,TRUE
2015000817,346874,Pop Out,201500012,6,1,3,R,448306,R,FALSE
2015000818,592626,Double,201500012,6,1,3,R,448306,L,FALSE
2015000819,454560,Strikeout,201500012,6,2,3,R,448306,R,FALSE
2015000820,457759,Strikeout,201500012,6,3,3,R,448306,R,FALSE
2015000821,605486,Strikeout,201500012,7,1,2,R,554340,L,TRUE
2015000822,571976,Strikeout,201500012,7,2,2,R,554340,R,TRUE
2015000823,519083,Flyout,201500012,7,3,2,R,554340,R,TRUE
2015000824,276519,Flyout,201500012,7,1,3,R,543883,L,FALSE
2015000825,624577,Strikeout,201500012,7,2,3,R,543883,R,FALSE
2015000826,408236,Double,201500012,7,2,3,R,543883,L,FALSE
2015000827,435062,Double,201500012,7,2,3,R,543883,R,FALSE
2015000828,475100,Intent Walk,201500012,7,2,3,L,571057,R,FALSE
2015000829,346874,Groundout,201500012,7,3,3,R,518875,R,FALSE
2015000830,461314,Pop Out,201500012,8,1,3,R,407908,R,TRUE
2015000831,457708,Single,201500012,8,1,3,R,407908,R,TRUE
2015000832,519025,Grounded Into DP,201500012,8,3,3,R,407908,R,TRUE
2015000833,592626,Walk,201500012,8,0,3,R,518875,L,FALSE
2015000834,454560,Bunt Pop Out,201500012,8,1,3,R,518875,R,FALSE
2015000835,444843,Field Error,201500012,8,1,3,R,518875,L,FALSE
2015000836,276519,Home Run,201500012,8,1,3,R,518875,L,FALSE
2015000837,624577,Walk,201500012,8,1,3,R,518875,R,FALSE
2015000838,408236,Strikeout,201500012,8,3,3,R,518875,L,FALSE
2015000839,576397,Hit By Pitch,201500012,9,0,6,R,501822,R,TRUE
2015000840,475174,Grounded Into DP,201500012,9,2,6,R,501822,L,TRUE
2015000841,506560,Strikeout,201500012,9,3,6,R,501822,L,TRUE
2015000842,493114,Lineout,201500013,1,1,0,R,518567,L,TRUE
2015000843,605412,Single,201500013,1,1,0,R,518567,L,TRUE
2015000844,434636,Double,201500013,1,1,0,R,518567,L,TRUE
2015000845,457763,Strikeout,201500013,1,2,0,R,518567,R,TRUE
2015000846,474832,Flyout,201500013,1,3,0,R,518567,L,TRUE
2015000847,572041,Pop Out,201500013,1,1,0,L,518516,R,FALSE
2015000848,542255,Hit By Pitch,201500013,1,1,0,L,518516,L,FALSE
2015000849,502671,Strikeout,201500013,1,2,0,L,518516,R,FALSE
2015000850,444432,Flyout,201500013,1,3,0,L,518516,R,FALSE
2015000851,431171,Groundout,201500013,2,1,0,R,518567,R,TRUE
2015000852,543063,Groundout,201500013,2,2,0,R,518567,L,TRUE
2015000853,453923,Lineout,201500013,2,3,0,R,518567,L,TRUE
2015000854,431094,Groundout,201500013,2,1,0,L,518516,R,FALSE
2015000855,572008,Flyout,201500013,2,2,0,L,518516,R,FALSE
2015000856,488912,Single,201500013,2,2,0,L,518516,R,FALSE
2015000857,605113,Hit By Pitch,201500013,2,2,0,L,518516,R,FALSE
2015000858,518567,Forceout,201500013,2,3,0,L,518516,R,FALSE
2015000859,518516,Groundout,201500013,3,1,0,R,518567,R,TRUE
2015000860,493114,Single,201500013,3,1,0,R,518567,L,TRUE
2015000861,605412,Double,201500013,3,2,0,R,518567,L,TRUE
2015000862,434636,Single,201500013,3,2,0,R,518567,L,TRUE
2015000863,457763,Flyout,201500013,3,3,0,R,518567,R,TRUE
2015000864,572041,Groundout,201500013,3,1,1,L,518516,R,FALSE
2015000865,542255,Single,201500013,3,1,1,L,518516,L,FALSE
2015000866,502671,Lineout,201500013,3,2,1,L,518516,R,FALSE
2015000867,444432,Triple,201500013,3,2,1,L,518516,R,FALSE
2015000868,431094,Strikeout,201500013,3,3,1,L,518516,R,FALSE
2015000869,474832,Strikeout,201500013,4,1,1,R,518567,L,TRUE
2015000870,431171,Single,201500013,4,1,1,R,518567,R,TRUE
2015000871,543063,Single,201500013,4,1,1,R,518567,L,TRUE
2015000872,453923,Strikeout,201500013,4,2,1,R,518567,L,TRUE
2015000873,518516,Strikeout,201500013,4,3,1,R,518567,R,TRUE
2015000874,572008,Strikeout,201500013,4,1,1,L,518516,R,FALSE
2015000875,488912,Groundout,201500013,4,2,1,L,518516,R,FALSE
2015000876,605113,Walk,201500013,4,2,1,L,518516,R,FALSE
2015000877,518567,Forceout,201500013,4,3,1,L,518516,R,FALSE
2015000878,493114,Single,201500013,5,0,1,R,518567,L,TRUE
2015000879,605412,Single,201500013,5,0,1,R,518567,L,TRUE
2015000880,434636,Double,201500013,5,0,1,R,518567,L,TRUE
2015000881,457763,Sac Fly,201500013,5,1,1,R,518567,R,TRUE
2015000882,474832,Groundout,201500013,5,2,1,R,518567,L,TRUE
2015000883,431171,Walk,201500013,5,2,1,R,518567,R,TRUE
2015000884,543063,Single,201500013,5,2,1,L,605177,L,TRUE
2015000885,453923,Bunt Pop Out,201500013,5,3,1,L,605177,L,TRUE
2015000886,572041,Single,201500013,5,0,5,L,518516,R,FALSE
2015000887,542255,Grounded Into DP,201500013,5,2,5,L,518516,L,FALSE
2015000888,502671,Groundout,201500013,5,3,5,L,518516,R,FALSE
2015000889,518516,Strikeout,201500013,6,1,1,L,605177,R,TRUE
2015000890,493114,Flyout,201500013,6,2,1,L,605177,L,TRUE
2015000891,605412,Groundout,201500013,6,3,1,L,605177,L,TRUE
2015000892,444432,Flyout,201500013,6,1,5,L,518516,R,FALSE
2015000893,431094,Single,201500013,6,1,5,L,518516,R,FALSE
2015000894,572008,Grounded Into DP,201500013,6,3,5,L,518516,R,FALSE
2015000895,434636,Strikeout,201500013,7,1,1,L,605177,R,TRUE
2015000896,457763,Groundout,201500013,7,2,1,L,605177,R,TRUE
2015000897,474832,Groundout,201500013,7,3,1,L,605177,L,TRUE
2015000898,488912,Flyout,201500013,7,1,5,L,518516,R,FALSE
2015000899,605113,Flyout,201500013,7,2,5,L,518516,R,FALSE
2015000900,457574,Single,201500013,7,2,5,L,518516,R,FALSE
2015000901,572041,Forceout,201500013,7,3,5,L,518516,R,FALSE
2015000902,431171,Single,201500013,8,0,1,R,543339,R,TRUE
2015000903,543063,Lineout,201500013,8,1,1,R,543339,L,TRUE
2015000904,453923,Pop Out,201500013,8,2,1,R,543339,L,TRUE
2015000905,622110,Single,201500013,8,2,1,R,543339,R,TRUE
2015000906,493114,Flyout,201500013,8,3,1,R,543339,L,TRUE
2015000907,542255,Single,201500013,8,0,5,L,425657,L,FALSE
2015000908,502671,Walk,201500013,8,0,5,R,466948,R,FALSE
2015000909,444432,Flyout,201500013,8,1,5,R,466948,R,FALSE
2015000910,431094,Single,201500013,8,1,5,R,466948,R,FALSE
2015000911,571875,Double,201500013,8,1,5,R,489265,L,FALSE
2015000912,488912,Strikeout,201500013,8,2,5,R,489265,R,FALSE
2015000913,460060,Walk,201500013,8,2,5,R,489265,L,FALSE
2015000914,444482,Strikeout,201500013,8,3,5,L,346793,L,FALSE
2015000915,605412,Strikeout,201500013,9,1,4,L,424144,L,TRUE
2015000916,434636,Walk,201500013,9,1,4,L,424144,R,TRUE
2015000917,457763,Grounded Into DP,201500013,9,3,4,R,446899,R,TRUE
2015000918,572041,Pop Out,201500013,9,1,5,R,433586,R,FALSE
2015000919,542255,Groundout,201500013,9,2,5,R,433586,L,FALSE
2015000920,502671,Strikeout,201500013,9,3,5,R,433586,R,FALSE
2015000921,547982,Lineout,201500014,1,1,0,R,543243,L,TRUE
2015000922,462101,Pop Out,201500014,1,2,0,R,543243,R,TRUE
2015000923,425902,Groundout,201500014,1,3,0,R,543243,L,TRUE
2015000924,502226,Strikeout,201500014,1,1,0,R,451596,R,FALSE
2015000925,453539,Triple,201500014,1,1,0,R,451596,L,FALSE
2015000926,450314,Home Run,201500014,1,1,0,R,451596,L,FALSE
2015000927,456714,Strikeout,201500014,1,2,0,R,451596,R,FALSE
2015000928,477195,Groundout,201500014,1,3,0,R,451596,L,FALSE
2015000929,134181,Groundout,201500014,2,1,2,R,543243,R,TRUE
2015000930,425783,Lineout,201500014,2,2,2,R,543243,L,TRUE
2015000931,607387,Strikeout,201500014,2,3,2,R,543243,R,TRUE
2015000932,543434,Strikeout,201500014,2,0,0,R,451596,R,FALSE
2015000933,519390,Groundout,201500014,2,1,0,R,451596,L,FALSE
2015000934,543760,Groundout,201500014,2,2,0,R,451596,R,FALSE
2015000935,519299,Flyout,201500014,2,3,0,R,451596,L,FALSE
2015000936,519048,Flyout,201500014,3,1,2,R,543243,L,TRUE
2015000937,455139,Groundout,201500014,3,2,2,R,543243,R,TRUE
2015000938,596059,Hit By Pitch,201500014,3,2,2,R,543243,L,TRUE
2015000939,547982,Forceout,201500014,3,3,2,R,543243,L,TRUE
2015000940,502226,Groundout,201500014,3,1,0,R,451596,R,FALSE
2015000941,453539,Groundout,201500014,3,2,0,R,451596,L,FALSE
2015000942,450314,Double,201500014,3,2,0,R,451596,L,FALSE
2015000943,456714,Strikeout,201500014,3,3,0,R,451596,R,FALSE
2015000944,462101,Groundout,201500014,4,1,2,R,543243,R,TRUE
2015000945,425902,Groundout,201500014,4,2,2,R,543243,L,TRUE
2015000946,134181,Flyout,201500014,4,3,2,R,543243,R,TRUE
2015000947,477195,Walk,201500014,4,0,0,R,451596,L,FALSE
2015000948,543434,Lineout,201500014,4,1,0,R,451596,R,FALSE
2015000949,519390,Double,201500014,4,1,0,R,451596,L,FALSE
2015000950,543760,Single,201500014,4,1,0,R,451596,R,FALSE
2015000951,519299,Flyout,201500014,4,2,0,R,451596,L,FALSE
2015000952,502226,Strikeout,201500014,4,3,0,R,451596,R,FALSE
2015000953,425783,Groundout,201500014,5,1,4,R,543243,L,TRUE
2015000954,607387,Flyout,201500014,5,2,4,R,543243,R,TRUE
2015000955,519048,Flyout,201500014,5,3,4,R,543243,L,TRUE
2015000956,453539,Single,201500014,5,0,0,R,451596,L,FALSE
2015000957,450314,Lineout,201500014,5,1,0,R,542914,L,FALSE
2015000958,456714,Field Error,201500014,5,1,0,R,542914,R,FALSE
2015000959,477195,Walk,201500014,5,1,0,R,542914,L,FALSE
2015000960,543434,Pop Out,201500014,5,2,0,R,542914,R,FALSE
2015000961,519390,Strikeout,201500014,5,3,0,R,542914,L,FALSE
2015000962,455139,Strikeout,201500014,6,1,4,R,543243,R,TRUE
2015000963,596059,Groundout,201500014,6,2,4,R,543243,L,TRUE
2015000964,547982,Field Error,201500014,6,2,4,R,543243,L,TRUE
2015000965,462101,Pop Out,201500014,6,3,4,R,543243,R,TRUE
2015000966,543760,Strikeout,201500014,6,1,0,R,542914,R,FALSE
2015000967,519299,Single,201500014,6,1,0,R,542914,L,FALSE
2015000968,502226,Strikeout,201500014,6,2,0,R,542914,R,FALSE
2015000969,453539,Groundout,201500014,6,3,0,R,542914,L,FALSE
2015000970,425902,Lineout,201500014,7,1,4,R,543243,L,TRUE
2015000971,134181,Groundout,201500014,7,2,4,R,543243,R,TRUE
2015000972,425783,Strikeout,201500014,7,3,4,R,543243,L,TRUE
2015000973,450314,Flyout,201500014,7,1,0,R,607309,L,FALSE
2015000974,456714,Walk,201500014,7,1,0,R,607309,R,FALSE
2015000975,477195,Flyout,201500014,7,2,0,R,607309,L,FALSE
2015000976,543434,Single,201500014,7,2,0,R,607309,R,FALSE
2015000977,519390,Home Run,201500014,7,2,0,R,607309,L,FALSE
2015000978,543760,Strikeout,201500014,7,3,0,R,607309,R,FALSE
2015000979,607387,Single,201500014,8,0,7,R,543243,R,TRUE
2015000980,519048,Double Play,201500014,8,2,7,R,543243,L,TRUE
2015000981,455139,Walk,201500014,8,2,7,R,543243,R,TRUE
2015000982,596059,Groundout,201500014,8,3,7,R,543243,L,TRUE
2015000983,519299,Single,201500014,8,0,0,R,542669,L,FALSE
2015000984,502226,Flyout,201500014,8,1,0,R,542669,R,FALSE
2015000985,453539,Walk,201500014,8,1,0,R,542669,L,FALSE
2015000986,450314,Flyout,201500014,8,2,0,R,542669,L,FALSE
2015000987,456714,Double,201500014,8,2,0,R,542669,R,FALSE
2015000988,477195,Groundout,201500014,8,3,0,R,542669,L,FALSE
2015000989,547982,Flyout,201500014,9,1,8,R,519267,L,TRUE
2015000990,462101,Strikeout,201500014,9,2,8,R,519267,R,TRUE
2015000991,425902,Strikeout,201500014,9,3,8,R,519267,L,TRUE
2015000992,408314,Strikeout,201500015,1,1,0,R,547888,L,TRUE
2015000993,431145,Groundout,201500015,1,2,0,R,547888,R,TRUE
2015000994,430832,Strikeout,201500015,1,3,0,R,547888,R,TRUE
2015000995,453056,Strikeout,201500015,1,1,0,R,571800,L,FALSE
2015000996,458731,Lineout,201500015,1,2,0,R,571800,L,FALSE
2015000997,136860,Flyout,201500015,1,3,0,R,571800,L,FALSE
2015000998,429665,Strikeout,201500015,2,1,0,R,547888,R,TRUE
2015000999,518626,Groundout,201500015,2,2,0,R,547888,R,TRUE
